Product Name,Product Price,Product Image
【明日方舟】明日方舟 x i.t UNDERGARDEN 棘刺款 镭射T恤 官方,299,https://img.alicdn.com/imgextra/i2/O1CN0108Mv2B1VBiUZxdc4j_!!6000000002615-2-tps-30-30.png
【明日方舟】FuRyu 泡面压-银灰 能量联结 VER. 官方正版,138,https://img.alicdn.com/imgextra/i3/O1CN01Q5eyfT1KawjDwueMh_!!6000000001181-2-tps-132-48.png
【明日方舟】大地巡旅：《明日方舟》官方世界观设定集 正版,148,https://img.alicdn.com/imgextra/i4/O1CN01Dc9PxV1XzlCMO1boO_!!6000000002995-2-tps-3456-864.png
【明日方舟】《明日方舟纪念短篇漫画集Vol.1~5盒装版》 官方正版,38,https://gw.alicdn.com/imgextra/i4/O1CN012YkS1S20pKuSLCT05_!!6000000006898-0-tps-720-280.jpg
一番赏 长夜枪火 在线扭蛋机次数充值 明日方舟  官方正版,59,https://gw.alicdn.com/imgextra/i2/O1CN01pGmNhS1LbgnABvxrV_!!6000000001318-2-tps-170-20.png
【预售】明日方舟x三丽鸥家族-Q版亚克力立牌组  官方正版,40,https://img.alicdn.com/imgextra/i4/O1CN01rjCXEO1yXoR5lsMZO_!!6000000006589-0-tps-198-40.jpg
【预售】明日方舟x三丽鸥家族-亚克力立牌  官方正版,75,https://gw.alicdn.com/imgextra/i1/O1CN01Hs1MVu1IDvM07YrGh_!!6000000000860-2-tps-293-143.png
【预售】拓荒主题桌游扩展-游城拓荒：感染者 明日方舟 官方正版,78,https://img.alicdn.com/imgextra/i1/O1CN01L02nNx28oRBIMwlOm_!!6000000007979-2-tps-96-96.png
【预售】《明日方舟官方美术设定集VOL.3》典藏版/普通版 正版,239,https://img.alicdn.com/imgextra/i4/O1CN01QDNGnb1pbB0x9C0kb_!!6000000005378-2-tps-664-96.png
【补款】MINI系列 时和岁丰 Q版手办 明日方舟 官方正版,68,https://img.alicdn.com/imgextra/i1/O1CN01zjh5vU1Gyz351e0KX_!!6000000000692-2-tps-56-56.png
